Procurement Type,days_left,deadline,description,ifb_no,notice date,organization,province,scraped_date,source,title
,45,2025-12-31,Architectural design and planning of a new park,,2025-10-01,City Office A,,,,Architectural Design for Park
works  ncb,29,12-12-2025 12:00,,NLBO-NPJ/NCB/WORKS/2082-083/01,12-11-2025 10:00,"National Livestock Breeding Office, Banke",Not specified,2025-11-13,Bolpatra,Maintenance of Shed and Structural improvement project
goods  ncb,27,10-12-2025 12:00,,NEA/KPO/2082/083-HR-01,10-11-2025 10:00,"NEA, Karnali Provience Office",Not specified,2025-11-13,Bolpatra,Supply of technical human resource
works  ncb,29,12-12-2025 12:00,,03-082/83(4),12-11-2025 00:00,201 Division Road Office Charikot,Not specified,2025-11-13,Bolpatra,"Road Improvement and Structural works at Charikot-Singati Road,NH-28,Dolakha"
works  ncb,29,12-12-2025 12:00,,03-082/83(5),12-11-2025 00:00,201 Division Road Office Charikot,Not specified,2025-11-13,Bolpatra,"Road Improvement and Structural works at Charikot-Jiri Section of Lamosanghu -Jiri Road(NH-23), Dolakha"
works  ncb,17,30-11-2025 13:00,,MTU-NCBWorks-04-082/083,30-10-2025 00:00,"Manmohan Technical University, Morang",Not specified,2025-11-13,Bolpatra,Completion of Third Floor of Academic Science Block
consultancy eoi  qcbs,12,25-11-2025 12:00,,EOI/CC/SFEB/2082/083/02,10-11-2025 00:00,Secretariat of Foreign Employment Board,Not specified,2025-11-13,Bolpatra,Consulting Services for Shramadhan Call Center
goods  sealed quotation,12,25-11-2025 08:00,,KDC-2082.83-01(SQ),10-11-2025 08:00,"NEA, Krishnanagar Distribution Center",Not specified,2025-11-13,Bolpatra,Estimate for Supply and Delivery of Different Electrical Goods and Accessories
goods  sealed quotation,12,25-11-2025 08:00,,KDC-2082.83-02(SQ),10-11-2025 08:00,"NEA, Krishnanagar Distribution Center",Not specified,2025-11-13,Bolpatra,"Estimate for Supply and Delivery of Different Stationery, Printing and Miscellaneous Items"
works  sealed quotation,12,25-11-2025 08:00,,KDC-2082/83-03(SQ),10-11-2025 08:00,"NEA, Krishnanagar Distribution Center",Not specified,2025-11-13,Bolpatra,Estimate for Construction of LT Line at Different Places of Krishnanagar DC
works  ncb,22,05-12-2025 12:00,,HRM/WORKS/ROAD/NCB/05-082/083,05-11-2025 00:00,Haldibari Rural M unicipality,Not specified,2025-11-13,Bolpatra,Blacktopped Road Construction Works including related Structural Works along Birtamode na.pa ko simanabata sabik goldhap ga.wi.sa wada no 5 itabhatta hudai baskota chok bata nirmanadhin aadharbhut aaspatal samma (Ch 0+000 to 0+885) at Haldibari Rural Municipality
works  ncb,22,05-12-2025 12:00,,HRM/WORKS/ROAD/NCB/06-082/083,05-11-2025 00:00,Haldibari Rural M unicipality,Not specified,2025-11-13,Bolpatra,Blacktopped Road Construction Works including related Structural Works along Goldhap Bajar to Srijana chok samma (Ch 0+000 to 1+075) at Haldibari Rural Municipality
works  ncb,22,05-12-2025 12:00,,HRM/WORKS/ROAD/NCB/07-082/083,05-11-2025 00:00,Haldibari Rural M unicipality,Not specified,2025-11-13,Bolpatra,Blacktopped Road Construction Works including related Structural Works along Sabik wada no 1 ramchok dekhi purwa satsang mandir bata Srijana chok samma (Ch 0+000 to 1+600) at Haldibari Rural Municipality
works  ncb,22,05-12-2025 12:00,,HRM/WORKS/ROAD/NCB/08-082/083,05-11-2025 00:00,Haldibari Rural M unicipality,Not specified,2025-11-13,Bolpatra,Blacktopped Road Construction Works including related Structural Works along Haldibari Gaunpalika ward no 2 sthit Dil bahadur karkiko ghar uttar Bikash Hotel Sarsawati aadharbhut Bidhyalaya jodne sadak (Ch 0+000 to 0+270) at Haldibari Rural Municipality
works  ncb,31,14-12-2025 12:00,,02/RIDOPAL-082/83-32,13-11-2025 10:00,"Road Infrastructure Development Office, Palpa",Not specified,2025-11-13,Bolpatra,"Upgrading of Ratamata Dekhi Model School Hundai Ghatkhola Bato, Rainadebi Chhahara-04/Amalabas Dekhi Tilakthan Jane Bato ( Okharpata), Rainadebi Chhahara-04"
works  ncb,31,14-12-2025 12:00,,GC/NCB/W/B/01/082/083,13-11-2025 10:00,"Gorkha Campus , Gorkha",Not specified,2025-11-13,Bolpatra,"Finishing Work of Library Building of Gorkha Campus, Gorkha"
works  ncb,31,14-12-2025 12:00,,IDO-OKHAL-NCB-BUILDING-09-2082/083,13-11-2025 09:00,"Infrastructure Development Office (IDO), Okhaldhunga",Not specified,2025-11-13,Bolpatra,"Infrastructure Development works at Okhaldhunga Campus, Siddhicharan 12, Okhaldhunga"
goods  ncb,27,10-12-2025 12:00,,1/2082/083/NPH,10-11-2025 16:00,Nepal Police Hospital Maharajgunj Kathmandu,Not specified,2025-11-13,Bolpatra,Birami Ration
works  ncb,27,10-12-2025 12:00,,14-TM/UDA/2082/083,09-11-2025 00:00,Triyuga Municipality Office,Not specified,2025-11-13,Bolpatra,"Construction of Shree Janapremi Ma.Vi. School Building, Tri.Na.Pa.-01, Udayapur"
works  ncb,27,10-12-2025 12:00,,15-TM/UDA/2082/083,09-11-2025 00:00,Triyuga Municipality Office,Not specified,2025-11-13,Bolpatra,"Construction of Shree Janata Ma.Vi. School Building, Tri.Na.Pa.-15, Udayapur"
works  ncb,27,10-12-2025 12:00,,16/KRM/SCHOOL/2082/083,10-11-2025 00:00,Kamal Rural Municipality,Not specified,2025-11-13,Bolpatra,Different Community School Strengthening Program of Kamal Rural Municipality
works  ncb,27,10-12-2025 12:00,,29/DSMC/2082/083,10-11-2025 10:00,Dhangadhi Sub-Metropolitan City,Not specified,2025-11-13,Bolpatra,Construction of RCC Framed Building of Manab Sewa Aashram at Ward No. 15 DSMC
works  ncb,27,10-12-2025 12:00,,BRM/W/01/2082-083,10-11-2025 00:00,"Bindabasini Rural Municipality, Parsa",Not specified,2025-11-13,Bolpatra,Construction of Building for Bipana warg ka laagi awasyak nirman
works  ncb,24,07-12-2025 12:00,,SDO/KKT/W/NCB/08/2082/083,07-11-2025 00:00,"Social Development Office, Kalikot",Not specified,2025-11-13,Bolpatra,Construction Of School Building Work at Kalika Aa.Vi. Tilagupha Municipality-11 Kamkhet Kalikot.
works  ncb,24,07-12-2025 12:00,,SDO/KKT/W/NCB/09/2082/083,07-11-2025 00:00,"Social Development Office, Kalikot",Not specified,2025-11-13,Bolpatra,"Construction School Playground Work at Shree Mahadev Ma.Vi. Shubhakalika Rural Municipality-04, Rarakatiya Kalikot."
works  ncb,24,07-12-2025 12:00,,SDO/KKT/W/NCB/11/2082/083,07-11-2025 00:00,"Social Development Office, Kalikot",Not specified,2025-11-13,Bolpatra,Construction Of School Building Work at Shree Saraswati Gurukul Aa.Vi. Khandachakra-01 Manma Kalikot.
works  ncb,24,07-12-2025 12:00,,SGRC/NCB/WORKS/01/2082/83,06-11-2025 00:00,"Sheep Genetic Resource Center, Nuwakot",Not specified,2025-11-13,Bolpatra,Hay Store Nirman
works  ncb,24,07-12-2025 12:00,,SGRC/NCB/WORKS/02/2082/083,06-11-2025 00:00,"Sheep Genetic Resource Center, Nuwakot",Not specified,2025-11-13,Bolpatra,Fencing and Barricading to Prevent External Encroachments
works  ncb,24,07-12-2025 12:00,,SLRM/GO/NCB/W/B/082/083/07,06-11-2025 00:00,Shahid Lakhan Rural Municipality,Not specified,2025-11-13,Bolpatra,Infrastructure development in Shahid Smriti Secondary School and Chandika Basic School
works  ncb,24,07-12-2025 12:00,,SSRM-ROL-06-2082/083,06-11-2025 00:00,"Sunil Smriti Rural Municipality, Office of Rural Municipal Executive,Sulichaur, Rolpa",Not specified,2025-11-13,Bolpatra,"Construction Of Balbodh Primary School Ward No.-5,Rolpa"
works  ncb,32,15-12-2025 06:00,,NCB-02/2082/083,12-11-2025 00:00,Haripur Municipality,Not specified,2025-11-13,Bolpatra,Constrcution of Building
works  ncb,28,11-12-2025 12:00,,TMM/NCB/Sworks-06-2082/083,11-11-2025 10:00,"Thaha Municipality Office, Makawanpur",Not specified,2025-11-13,Bolpatra,Construction of masonry Wall at Jhamkeswori secondary school Thaha-1
works  ncb,28,11-12-2025 12:00,,TSMC/NCB/W/14/2082-083,11-11-2025 10:00,Tulsipur Sub-Metropolitan City,Not specified,2025-11-13,Bolpatra,Rakxyachaur Guru Jajur School Dekhi Purano Ward Karyalaye Samma Sadak Istarunnati
works  ncb,31,14-12-2025 12:00,,IDO/TANAHUN/NCB/W/17/082-083,13-11-2025 10:00,"Infrastructure Development Office, Tanahun",Not specified,2025-11-13,Bolpatra,"Upgrading of Kalika Campus Jane Motarmarga, Bhanu-9"
works  ncb,19,02-12-2025 13:00,,PHB/KOSHI/NBC/W/2082/83-01,02-11-2025 16:20,"Provincial Hospital Bhadrapur,koshi",Not specified,2025-11-13,Bolpatra,"Construction of Pharmacy, Canteen, Counter and Postmortem Building Management"
works  ncb,19,02-12-2025 12:00,,PMUN/NCB/WORKS/2082/83-18,02-11-2025 10:00,Palungtar Municipality,Not specified,2025-11-13,Bolpatra,"Construction of Sahid Smiriti Park Project,Palungtar-04,Gorkha"
works  ncb,19,02-12-2025 12:00,,PRM/W/01/2082-083,02-11-2025 00:00,"Parwanipur Rural Municipality, Bara",Not specified,2025-11-13,Bolpatra,"Construction Of Shed And Building At Gudari Bazar, Parwanipur-03"
works  ncb,19,02-12-2025 12:00,,SDDO/NCB-13/082/083,02-11-2025 00:00,"Samajik Bikash Division Office,Rupandehi",Not specified,2025-11-13,Bolpatra,"Shanti Namuna Ma Vi Sabhahall Nirman Tilottama-5, Rupandehi"
works  ncb,19,02-12-2025 12:00,,SDDO/NCB-16/082/083,02-11-2025 10:00,"Samajik Bikash Division Office,Rupandehi",Not specified,2025-11-13,Bolpatra,"Belhiya Ma Vi, DPR Sahit ko Bhawan Nirman"
works  ncb,19,02-12-2025 12:00,,SDDONPJ/W/NCB-34/2082/083,02-11-2025 10:00,"Social Development Division Office Nepalgunj,Banke",Not specified,2025-11-13,Bolpatra,"Construction of First Building Block A&amp;B of Janki Ma. Vi. Janki- 04 Khajurakhurd, Banke"
works  ncb,19,02-12-2025 12:00,,SDDONPJ/W/NCB-35/2082/083,02-11-2025 10:00,"Social Development Division Office Nepalgunj,Banke",Not specified,2025-11-13,Bolpatra,"Construction of Incomplete Building of Shree Bhrikuti Ma. Vi. Chittle Madhuban- 05 Sanoshree, Bardiya"
works  ncb,19,02-12-2025 12:00,,SDDONPJ/W/NCB-36/2082/083,02-11-2025 10:00,"Social Development Division Office Nepalgunj,Banke",Not specified,2025-11-13,Bolpatra,"Construction of Incomplete Building of Shree Kisan Ma. Vi. Thakurbaba- 05 Bankatti, Bardiya"
works  ncb,19,02-12-2025 12:00,,SDDONPJ/W/NCB-37/2082/083,02-11-2025 10:00,"Social Development Division Office Nepalgunj,Banke",Not specified,2025-11-13,Bolpatra,"Construction of Building of Shree Nepal Rastriya Aa. Vi. Rajapur- 03 Tediya, Bardiya"
works  ncb,19,02-12-2025 12:00,,SDDONPJ/W/NCB-38/2082/083,02-11-2025 10:00,"Social Development Division Office Nepalgunj,Banke",Not specified,2025-11-13,Bolpatra,"Construction of Sabha Hall of Shree Manpur Ma. Vi. Rajapur- 06 Tapara, Bardiya"
works  ncb,19,02-12-2025 12:00,,SDDONPJ/W/NCB-39/2082/083,02-11-2025 10:00,"Social Development Division Office Nepalgunj,Banke",Not specified,2025-11-13,Bolpatra,"Construction of Building of Shree Dharma Jyoti Secondary School Madhuwan- 09 Dharmabasti, Bardiya"
works  ncb,19,02-12-2025 12:00,,SDDONPJ/W/NCB-40/2082/083,02-11-2025 10:00,"Social Development Division Office Nepalgunj,Banke",Not specified,2025-11-13,Bolpatra,"Construction of Building of Shree Jan Jyoti Ma. Vi. Thakurbaba- 06 Bakuwa, Bardiya"
works  ncb,19,02-12-2025 12:00,,SDDONPJ/W/NCB-41/2082/083,02-11-2025 10:00,"Social Development Division Office Nepalgunj,Banke",Not specified,2025-11-13,Bolpatra,"Construction of Building of Shree Shivsundar Ma. Vi. Thakurbaba- 07 Sundarpur, Bardiya"
works  ncb,19,02-12-2025 12:00,,SDDONPJ/W/NCB-42/2082/083,02-11-2025 10:00,"Social Development Division Office Nepalgunj,Banke",Not specified,2025-11-13,Bolpatra,"Construction of Incomplete Building of Brahmakumari Ishworiya Bishwa Bidhyalaya Baijanath- 06 Parbati Tol, Banke"
works  ncb,19,02-12-2025 12:00,,SDDONPJ/W/NCB-44/2082/083,02-11-2025 10:00,"Social Development Division Office Nepalgunj,Banke",Not specified,2025-11-13,Bolpatra,"Construction of Hall Room And Toilet of Shree Guransh Namuna Ma. Vi. Madhuban- 06, Bardiya"
works  ncb,19,02-12-2025 12:00,,SDDONPJ/W/NCB-45/2082/083,02-11-2025 10:00,"Social Development Division Office Nepalgunj,Banke",Not specified,2025-11-13,Bolpatra,"Construction of Incomplete Building of Acchami Sewa Samaj Nepalgunj- 19 Bashudevpur, Banke"
works  ncb,19,02-12-2025 12:00,,SDDONPJ/W/NCB-46/2082/083,02-11-2025 10:00,"Social Development Division Office Nepalgunj,Banke",Not specified,2025-11-13,Bolpatra,"Construction of Canteen Building of Shree Ek Priye Rathor Ma.Vi. Patabhar Geruwa- 02, Bardiya"
works  ncb,19,02-12-2025 12:00,,SDDONPJ/W/NCB-48/2082/083,02-11-2025 10:00,"Social Development Division Office Nepalgunj,Banke",Not specified,2025-11-13,Bolpatra,"Construction of Incomplete Building of Chure Campus Thakurbaba- 03 Bagnaha, Bardiya"
works  ncb,27,10-12-2025 12:00,,GRM/RCH/Works/NCB/12/082/83,09-11-2025 11:00,"Gokulganga Rural Municipality, Ramechhap",Not specified,2025-11-13,Bolpatra,Construction of Compound wall for Rural Municipality Hospital Builing
works  ncb,27,10-12-2025 12:00,,GRM/RCH/Works/NCB/13/082/83,09-11-2025 11:00,"Gokulganga Rural Municipality, Ramechhap",Not specified,2025-11-13,Bolpatra,Construction of Namadi Health Post Building
works  ncb,31,14-12-2025 12:00,,NCB/NRM/WORKS/2082/83-02,13-11-2025 00:00,Nisdi Rural Municipality,Not specified,2025-11-13,Bolpatra,Construction of Sahalkot Health Post Building Nisdi-02 Palpa.
works  ncb,31,14-12-2025 12:00,,CRM-Works/02/082/083,12-11-2025 00:00,Chame Rural Municipality,Not specified,2025-11-13,Bolpatra,Lok priya Ma.Bi. Ma Three Room Two nos. Building And Other Construction works
works  ncb,29,12-12-2025 12:00,,IDOLTP/W/NCB/78/2082-83,12-11-2025 10:00,Infrastructure Development Office Lalitpur,Not specified,2025-11-13,Bolpatra,"Upgrading of : 1)Pauli Ganesh Chowk Paschim Hudai Piyang gaun Pokhari Mui Kuwa Pugne Rajkulo Mathi Sadak 2)Samabesi Tole Dekhi Jyotidaye School Jane Motorbato Staronnati 3)Maskey Ko Ghar Jane chowk Dekhi Babita Shrestha, Rajkumari Timilsinako Ghar Dekhi Bhupa rai ko Ghar samma bato 4)Khuma KC Ko Ghar Agadibata Hariyali Park Jane samma Laxmi Tamangko Ghar Samma bato"
works  ncb,31,14-12-2025 12:00,,AHRM/NCB/W/04/2082-83,13-11-2025 00:00,"Apihimal Rural Municipality, Darchula",Not specified,2025-11-13,Bolpatra,High Altitude Adventure Tourism Stadium Construction Project
works  ncb,29,12-12-2025 12:00,,NCB/BM/W/082/083/29,13-11-2025 00:00,"Birendranagar Municipality, Surkhet",Not specified,2025-11-13,Bolpatra,"Adhuro Badminton Covered Hall Nirman, Khel Maidan Staronnati, Birendranagar-2, Surkhet"
works  ncb,29,12-12-2025 12:00,,PJSS/KAN/Works/082/083-01,12-11-2025 00:00,Shree Punarbas Janata Secondary School,Not specified,2025-11-13,Bolpatra,"Completion of Canteen and Multipurpose Hall Block, Punarbas Janata Mabi, Punarbas-06, Kanchanpur"
works  ncb,29,12-12-2025 12:00,,06/DHARAN/WORKS/NCB/082/83,12-11-2025 07:00,"Dharan Sub- Metropolitan City Office, Dharan",Not specified,2025-11-13,Bolpatra,"Extension of library block of Depot Secondary School,Dharan-18"
works  ncb,25,08-12-2025 12:00,,BRMBH/NCB/WORKS/01/2082/083,05-11-2025 00:00,Bandipur Hospital,Not specified,2025-11-13,Bolpatra,Construction of Remaining work of Bandipur Hospital
works  ncb,25,08-12-2025 12:00,,KM/NCB/BLDG/04/2082-083,07-11-2025 00:00,"kolhabi Municipality, Bara",Not specified,2025-11-13,Bolpatra,Construction of Inbuilt School Building
works  ncb,25,08-12-2025 12:00,,KM/NCB/BLDG/05/2082-083,07-11-2025 00:00,"kolhabi Municipality, Bara",Not specified,2025-11-13,Bolpatra,Construction of Two Storey Four Class Rooms of School Building and Toilet Block (KM/NCB/BLDG/05/2082-083)
works  ncb,25,08-12-2025 12:00,,KM/NCB/BLDG/06/2082-083,07-11-2025 00:00,"kolhabi Municipality, Bara",Not specified,2025-11-13,Bolpatra,Construction of Two Storey Four Class Rooms of School Building and Toilet Block (KM/NCB/BLDG/06/2082-083)
works  ncb,24,07-12-2025 12:00,,02/DRMM/NCB/W/2082/083,06-11-2025 00:00,Diktel Rupakot Majhuwagadhi Municipality,Not specified,2025-11-13,Bolpatra,Construction of additional structures over the existing Buipa Sewa Samaj building at Buipa.
works  ncb,24,07-12-2025 12:00,,03/DRMM/NCB/W/2082/083,06-11-2025 00:00,Diktel Rupakot Majhuwagadhi Municipality,Not specified,2025-11-13,Bolpatra,"Completion of the unfinished Shree MaVi, Basbote 8 room-RCC building construction work."
works  ncb,24,07-12-2025 11:59,,NCB/SRM/WORKS-02/2082/083,07-11-2025 10:00,Sanibheri Rural Municipality,Not specified,2025-11-13,Bolpatra,Construction of School Building-Shree Pragatishil Aa.Vi 01 Bukichaur Rukum West
works  ncb,24,07-12-2025 11:59,,NCB/SRM/WORKS/01/2082/083,07-11-2025 10:00,Sanibheri Rural Municipality,Not specified,2025-11-13,Bolpatra,Construction of School Building Shree Shiv Aa.vi Sanibheri 09 Magarranja Rukum west
works  ncb,24,07-12-2025 12:00,,NCB/WORKS/SDDOD/27/082/083,05-11-2025 00:00,"Social Development Division Office,Dang",Not specified,2025-11-13,Bolpatra,"Tulsipur Bahu Prabidhik Sikshyalaya ma Sabha Hall ko Finishing ko kaam, Tulsipur 12, Dang"
works  ncb,24,07-12-2025 12:00,,PMUN/NCB/WORKS/2082/83-19,07-11-2025 10:00,Palungtar Municipality,Not specified,2025-11-13,Bolpatra,"CCONSTRUCTION OF COVERED HALL,PALUNGTAR-04,GORKHA"
works  ncb,24,07-12-2025 12:00,,PRM/NCB/W/02/2082/083,07-11-2025 00:00,Prasauni Rural Municipality,Not specified,2025-11-13,Bolpatra,"Nirmit Guruyojanaka Aadharma Sthaniya tahko Sajhedarima Bidhyalaiko Vautik Nirman Anudan antargat Gyan jyoti School ma Vawan nirman karya,Ward No.1"
works  ncb,24,07-12-2025 10:00,,RAGHUNATH/WORKS/NCB/01/2082/083,07-11-2025 00:00,Shree Raghunath Adarsha Technical Secondary School,Not specified,2025-11-13,Bolpatra,Construction of RCC Building Completion Work
works  ncb,24,07-12-2025 12:00,,RAT/CHITWAN/works/NCB/12/2082-83,07-11-2025 00:00,Ratnanagar Municipality,Not specified,2025-11-13,Bolpatra,"Construction of Nepal Krishi Co-operative Building (Finishing Work), Ward-05"
works  ncb,29,12-12-2025 12:00,,15.SUN/NCB/2082/83,12-11-2025 00:00,Sunwal Municipality Office,Not specified,2025-11-13,Bolpatra,"Cities 4 Women (C4W) Inclusive and Climate Resilient Urbanization in Nepal , Ramawapur Park Sunwal-04"
works  ncb,29,12-12-2025 12:00,,16/BED/NCB/BCW/2082/083,12-11-2025 10:00,"Bedkot Municipality, Kanchanpur",Not specified,2025-11-13,Bolpatra,"Construction of 2-Storey-4-Room Building of Ghatal bahumukhi champus, samadaijee, Bedkot-03, Kanchanpur."
works  ncb,29,12-12-2025 11:00,,Dkt.Mun.2082-082-01,10-11-2025 14:00,"Office of the Municipal Executive, Dhankutta",Not specified,2025-11-13,Bolpatra,Start Up Business Building Construction (Partial Finishing work) Work
works  ncb,29,12-12-2025 12:00,,EDD/SKT/W/NCB/19/082-083,12-11-2025 10:00,"Education development Directorate, Surkhet",Not specified,2025-11-13,Bolpatra,"R.C.C. Building Construction of Juntara Primary School, Khorke, 6, Birendranagar, Surkhet"
works  ncb,29,12-12-2025 12:00,,EDD/SKT/W/NCB/20/082-083,12-11-2025 10:00,"Education development Directorate, Surkhet",Not specified,2025-11-13,Bolpatra,"2 Room R.C.C Building Construction (Hostel Building) of Nepal Rastriya Secondary School Neta, 5,Lekbesi, Surkhet"
works  ncb,29,12-12-2025 12:00,,EDD/SKT/W/NCB/21/082-083,12-11-2025 10:00,"Education development Directorate, Surkhet",Not specified,2025-11-13,Bolpatra,"Physical Infrastructure Development of Surkhet Eye Hospital Birendranagar, 6, Surkhet"
works  ncb,22,05-12-2025 12:00,,NCB/WORK/SDDOD/01/082/083,03-11-2025 08:00,"Social Development Division Office,Dang",Not specified,2025-11-13,Bolpatra,Siddharatnanath School ko Truss Bhawan Nirman Ghorahi Oda no 10
works  ncb,21,04-12-2025 12:00,,JM/BAGLUNG/NCB/W/B/04/2082-083,04-11-2025 00:00,"Jaimini Municipality, Baglung",Not specified,2025-11-13,Bolpatra,Construction of Health Post Building Including Infrastructure at Ward no. 3
works  ncb,20,03-12-2025 11:30,,01-SDDO/NCB-082/083,03-11-2025 10:00,"Social Development Division office, pyuthan",Not specified,2025-11-13,Bolpatra,Construction of Building: Yagyashori Aa.Vi Mandavi Ga.Pa-04 Pyuthan
works  ncb,20,03-12-2025 12:00,,01/RIDOPAL-082/83,03-11-2025 10:00,"Road Infrastructure Development Office, Palpa",Not specified,2025-11-13,Bolpatra,"Upgrading of Pokharathok Khel Maidan to Janapriye School Jane Sadak Dhalan, Purbakhola 6 Heklang"
works  ncb,28,11-12-2025 12:00,,RRM/NCB/Works/082/083-06,11-11-2025 00:00,"Rambha Rural Municipality, Palpa",Not specified,2025-11-13,Bolpatra,Construction of Infrastructure at Hungi Health Post
works  ncb,28,11-12-2025 12:00,,RRM/NCB/Works/082/083-07,11-11-2025 00:00,"Rambha Rural Municipality, Palpa",Not specified,2025-11-13,Bolpatra,"Construction of Residential Building at Ward No.: 1,2,4 and 5"
works  ncb,28,11-12-2025 12:00,,UDBO/RUP/WORKS/14/NCB/82/83-18,11-11-2025 15:00,"Urban Development and Building Office, Rupandehi",Not specified,2025-11-13,Bolpatra,"Mahendra Rajmargh To Khel Maidan Urban Infrastructure Development works, Bardghat-14, Nawalparasi."
works  sealed quotation,10,23-11-2025 12:00,,EGP/PURMO/SQ/WORKS/BD/2082/83-06,07-11-2025 05:00,"Putha Uttarganga Rural Municipality, Rukum, East",Not specified,2025-11-13,Bolpatra,Construction of Bhume Pooja (Balku) Conservation Center Building At Putha Uttrarganga Rural municipality-11
works  ncb,24,07-12-2025 12:00,,1/BRS/Works/NCB/2082/2083,07-11-2025 10:00,"Shree Rastriya Aadharbhut Bidhyalaya, Bateshwor",Not specified,2025-11-13,Bolpatra,"Construction of School building, shree Ra.Aa. bidhalay Baradoriya, Bateshwor RM-5"
works  ncb,24,07-12-2025 12:00,,ABCPOPSS/PSS/KKT/NCB/W/01/2082/083,07-11-2025 10:00,"Shree Panchadev Secondary School, Manma Kalikot",Not specified,2025-11-13,Bolpatra,"Academic Building Construction of Shree Panchadev Secondary School Khandachakra-1, Kalikot"
works  ncb,24,07-12-2025 12:00,,ARM-KHO-07/2082-083/NCB/Works,06-11-2025 00:00,Aiselukharka Rural Municipality,Not specified,2025-11-13,Bolpatra,"Construction of 4 class room building for Tribhuwan Ma.Vi. Aiselukharka, Khotang"
works  ncb,29,12-12-2025 12:00,,SDO/RKMW/W/NCB/19/2082/083,12-11-2025 00:00,"Social Development Office, Rukum West",Not specified,2025-11-13,Bolpatra,Construction of school building work at BhanubhaktanMa.Vi. Bafikot Ga.pa.10 Rukum West
works  ncb,29,12-12-2025 12:00,,SDO/RKMW/W/NCB/20/2082/083,12-11-2025 00:00,"Social Development Office, Rukum West",Not specified,2025-11-13,Bolpatra,Construction of Building Work Chaurjahari Nagar Hospital at Chaurjahari Na.Pa-10 Rukum West
works  ncb,29,12-12-2025 12:00,,SDO/RKMW/W/NCB/21/2082/083,12-11-2025 00:00,"Social Development Office, Rukum West",Not specified,2025-11-13,Bolpatra,"Construction of toilet, Compounding works of Puspanjali Mahila sahakari Building at Chaurjahari Na.Pa.09 Rukum West"
works  ncb,29,12-12-2025 12:00,,SDO/RKMW/W/NCB/22/2082/083,12-11-2025 00:00,"Social Development Office, Rukum West",Not specified,2025-11-13,Bolpatra,Construction of Plum Concrete Wall Of Chaurjahari Rangshala at Chaurjahari Na.Pa -02 and Construction of Building Work at Rastriya Aa.Vi.Saniberi Ga.pa.04 Rukum West
works  ncb,28,11-12-2025 12:00,,APF/NCBWorks/No.51company.HQ.Baitadi/082/083-001,10-11-2025 10:00,Armed Police Force Nepal No.51 Coy HQ. Baitadi,Not specified,2025-11-13,Bolpatra,"Construction of Shed type Building, Retaining Wall, Septic Tank/Soak Pit and Other Civil Works @ No.51 Company HQ., Baitadi."
works  ncb,28,11-12-2025 12:00,,APF/NCBWorks/No.52Company.HQ.Dadeldhura/082/083-001,10-11-2025 10:00,"Armed Police Force, Nepal Coy. HQ. Dadeldhura No. 52 Coy.",Not specified,2025-11-13,Bolpatra,"Construction of Shed type Building, Retaining Wall, Septic Tank/Soak Pit and Other Civil Works @ No.52 Company HQ., Dadeldhura."
works  ncb,31,14-12-2025 12:00,,Rmun/NCB/works/03/2082/83,13-11-2025 00:00,"Ratuwamai Municipality, Morang",Not specified,2025-11-13,Bolpatra,"Construction of Ward Admistrative Building, Ratuwamai-08"
works  ncb,29,12-12-2025 12:00,,IFB/15-2082-83,12-11-2025 00:00,Satyawati Rural Municipality,Not specified,2025-11-13,Bolpatra,Infrastructure Development At PHC Ward No.6
goods  ncb,27,10-12-2025 12:00,,NPHQ/G/NCB/2082-083/85,10-11-2025 17:00,"Nepal Police Headquarter Procurememt Section, Naxal",Not specified,2025-11-13,Bolpatra,Nepal Police Computer Network Internet/Intranet Bandwidth (Command Center)
works  ncb,27,10-12-2025 12:00,,SDO/NCB/Works-001-082-083,10-11-2025 16:00,"Social Development Office,Baitadi",Not specified,2025-11-13,Bolpatra,"Building Construction of Jagannath Multiple Campus Gothalapani , Baitadi."
works  ncb,27,10-12-2025 12:00,,SDO/NCB/Works/02/082/083,10-11-2025 18:00,"Social Development Office,Baitadi",Not specified,2025-11-13,Bolpatra,"Building Construction at Basudev Ma.Vi. Liskita ,Surnaya -2 Baitadi."
works  ncb,27,10-12-2025 12:00,,SDO/NCB/Works/03/082/083,10-11-2025 18:00,"Social Development Office,Baitadi",Not specified,2025-11-13,Bolpatra,"Construction Of Prefab Building for Staff Quater at District Hospital , Baitadi"
works  ncb,22,05-12-2025 12:00,,DRM/NCB/WORKS/02/2082/083,04-11-2025 00:00,Duhun Rural Municipality,Not specified,2025-11-13,Bolpatra,Physical Infrastructure Construction Project on Educational Upgrading and Quality Education.
works  ncb,20,03-12-2025 12:00,,bktmun/NCB/works/04/082/83,03-11-2025 11:30,Bhaktapur Municipality,Not specified,2025-11-13,Bolpatra,Construction of Multipurpose Building at Takokiba (New Buspark)
works  ncb,20,03-12-2025 12:00,,BSHRM/NCB/WORKS/01/2082/083,03-11-2025 10:00,"Bishrampur Rural Municipality, Bara",Not specified,2025-11-13,Bolpatra,"Construction of Incomplete Building of Shree Mahendra Aadharbhut's School at Bishrampur Rural Municipality Ward no.5,Nakatuwa,Bara."
works  ncb,20,03-12-2025 12:00,,IH/NCB/12W/082/083,03-11-2025 10:00,Itahari hospital,Not specified,2025-11-13,Bolpatra,"Construction of Store Building at Itahari Hospital, Itahari, Sunsari"
works  ncb,20,03-12-2025 12:00,,NA/BININI/WORKS/082/83/01,03-11-2025 13:00,Development Construction Directorate,Not specified,2025-11-13,Bolpatra,"Construction of Various Infrastructures Camp at Sataula Chhangru, Darchula"
works  ncb,18,01-12-2025 12:00,,SDO/Work/NCB/2081/083/8,31-10-2025 17:00,"Social Development Office, Kailali",Not specified,2025-11-13,Bolpatra,Construction Of Auditorium Hall at Lamki Multiple Campus Lamkichuha-01 Kailali
works  ncb,17,30-11-2025 12:00,,01-GRM/W01/NCB/2082/083,29-10-2025 10:00,Gaidahawa Rural Municipality,Not specified,2025-11-13,Bolpatra,Suryapura Bahumukhi Campus Bhawan Nirman
works  ncb,17,30-11-2025 12:00,,01/SS/NCB/WORKS/082/83,31-10-2025 00:00,"Shree saraswati Secondary School, Terhathum",Not specified,2025-11-13,Bolpatra,Namuna Bidhyalaya Guruyojana Anurup Bhautik Nirman
works  ncb,17,30-11-2025 12:00,,KRM/NCB/WORKS/21/2082-083,31-10-2025 00:00,"Khajura Rural Municipality,Banke",Not specified,2025-11-13,Bolpatra,Ward no. 5 community building construction additional work
works  ncb,17,30-11-2025 12:00,,KRM/NCB/WORKS/25/2082-083,31-10-2025 00:00,"Khajura Rural Municipality,Banke",Not specified,2025-11-13,Bolpatra,Paraspur gaughat sadak hari dadelko ghar dekhi citizen school hudai janaki ga.pa. 3 sahadatpur chock samma kalopatre bato nirman khajura ga.pa 2 ra janaki ga.pa.4
works  ncb,17,30-11-2025 12:00,,MMSI/WORKS/NCB/2082-83/14,31-10-2025 00:00,Melamchi Municipality Office,Not specified,2025-11-13,Bolpatra,Construction of Incomplete Hostel Building at Kyoulethana Aabhi.
works  ncb,15,28-11-2025 12:00,,SDO/Works/NCB/2082/083/5,29-10-2025 17:00,"Social Development Office, Kailali",Not specified,2025-11-13,Bolpatra,"Jaycees Everest School ko Aduro Bhawan Nirman Dhangadhi-02, Kailali"
works  ncb,14,27-11-2025 12:00,,01-082/083/NCB/SRSDOTI,28-10-2025 10:00,"Sitaram Secondary School, Doti",Not specified,2025-11-13,Bolpatra,"Sitaram Secondary School Building Construction Works at Shikhar Municipality-09, Doti"
works  sealed quotation,14,27-11-2025 12:00,,NLBO-NPJ/SQ/WORKS/2082-083/02,12-11-2025 10:00,"National Livestock Breeding Office, Banke",Not specified,2025-11-13,Bolpatra,Truss Building construction work at semen collection yard of the animal
works  ncb,17,30-11-2025 12:00,,NCB/SRM/05/082-83,30-10-2025 06:00,"Shuddodhan Rural Municipality Office of Rural Municipal Executive,Rupandehi",Not specified,2025-11-13,Bolpatra,"Construction of Building at Primary Health Centre (Addition of Storey ),ward 3"
works  ncb,17,30-11-2025 12:00,,NCB/SRM/06/082-83,30-10-2025 06:00,"Shuddodhan Rural Municipality Office of Rural Municipal Executive,Rupandehi",Not specified,2025-11-13,Bolpatra,"Construction of Building at Shankar Ma.vi.(Dogana Block),ward 3"
works  ncb,17,30-11-2025 12:00,,NCB/WORKS/SDDOD/09/082/083,30-10-2025 14:40,"Social Development Division Office,Dang",Not specified,2025-11-13,Bolpatra,"Padmodaya Campus Haridwar ma Bhawan Nirman Ghorahi 17, Dang"
works  ncb,24,07-12-2025 12:00,,CRM/NCB/W/BC/05/2082-083,07-11-2025 00:00,"chhayanathrara Municipality, Mugu",Not specified,2025-11-13,Bolpatra,"Mahakali High School, Chhayachetra Primary School, Pashupati Primary School and Mahadev Primary School Building Construction, Chhayanath Rara Municipality-1,2,3, &amp; 8, Mugu."
works  ncb,25,08-12-2025 12:00,,PRM/BLDG/NCB/W/01-082-83,07-11-2025 00:00,Pratappur Rural Municipality,Not specified,2025-11-13,Bolpatra,Adarsha Prabidhik Campus Nirman
works  ncb,25,08-12-2025 12:00,,SDO/Works/NCB/2082/083/10,07-11-2025 17:00,"Social Development Office, Kailali",Not specified,2025-11-13,Bolpatra,"Construction Of Hostel Building in Birendra Bidhya Mandir, Tikapur-01, Kailali"
works  ncb,19,02-12-2025 12:00,,EDD/SKT/W/NCB/16/082-083,02-11-2025 10:00,"Education development Directorate, Surkhet",Not specified,2025-11-13,Bolpatra,"4 Room building Construction Suryaprakash Secondary School Panchapuri MP, 2, Palaite, Surkhet"
works  ncb,19,02-12-2025 12:00,,EDD/SKT/W/NCB/17/082-083,02-11-2025 10:00,"Education development Directorate, Surkhet",Not specified,2025-11-13,Bolpatra,"Compound Wall Construction on Krishnagunj Secondary School,Birendranagar MP-2 Krishnagunj"
works  ncb,19,02-12-2025 12:00,,GDRM/NCB/W-13/2082-083,02-11-2025 10:00,Gulmidarbar Rural Municipality,Not specified,2025-11-13,Bolpatra,"Dumripokhara Covered Hall Nirmann, Gulmidarbar Rural Municipality-07, Gulmi"
works  ncb,19,02-12-2025 12:00,,MMC/NCB/WORKS/2082-83/04,02-11-2025 00:00,"Maharajgunj Medical Campus, Maharajgunj",Not specified,2025-11-13,Bolpatra,Basic Science Building Renovation work
works  ncb,19,02-12-2025 12:00,,NAFHA/PIU-SUDURPASHCHIM/WORKS/CW05-A,02-11-2025 00:00,"Nuts and Fruits in Hilly Areas Project, PIU sudurpashchim,Doti",Not specified,2025-11-13,Bolpatra,"Horticulture Center/Station Upgrade- Dry Fruit Development Center-Baitadi, Sudurpashchim"
works  ncb,27,10-12-2025 12:00,,JRM/NCB/Tripura/W-1/2082-83,10-11-2025 10:00,"Tripura Secondary School, Dolpa",Not specified,2025-11-13,Bolpatra,Tripura Secondary School Fencing And Toilet Construction work
works  ncb,26,09-12-2025 12:00,,IDO/JKT/W/NCB/34/082-083,09-11-2025 20:00,"Infrastructure Development Office, Jajarkot",Not specified,2025-11-13,Bolpatra,Upgrading of district hospital pailadhunga thanti sadak bheri-3 jajarkot
works  ncb,31,18-12-2025 12:00,,16-TM/UDA/2082/083,17-11-2025 00:00,Triyuga Municipality Office,Not specified,2025-11-17,Bolpatra,"Construction of Shree Janata Ma.Vi. Building, Tri.Na.Pa.-05, Udayapur"
works  ncb,30,17-12-2025 12:00,,01/Interior/082/083,17-11-2025 03:00,Supreme Court Of Nepal,Not specified,2025-11-17,Bolpatra,Construction of Interior works of Supreme Court New Building
goods  ncb,30,17-12-2025 12:00,,BH/NCB/GOODS/20/082/083,17-11-2025 11:00,"Bharatpur Hospital, Bharatpur Chitwan",Not specified,2025-11-17,Bolpatra,Procurement of HPV DNA extraction kit &amp; DNA PCR kit reagent's Related Items
works  ncb,30,17-12-2025 12:00,,BLDG/NCB/MAN-05/082-83,17-11-2025 00:00,Manahari Rural Municipality,Not specified,2025-11-17,Bolpatra,Construction of Manahari Ward no 03 Office Building
goods  ncb,30,17-12-2025 12:00,,CNP/CHT/RATION/NCB/05/2082-083,17-11-2025 00:00,Chitwan National Park,Not specified,2025-11-17,Bolpatra,Hatti Ko Lagi Dana Kharid
works  ncb,30,17-12-2025 12:00,,CNP/CHT/W/NCB/02/2082-083,17-11-2025 00:00,Chitwan National Park,Not specified,2025-11-17,Bolpatra,Post Building Construction Work
works  ncb,30,17-12-2025 12:00,,CNP/CHT/W/NCB/04/2082-083,17-11-2025 00:00,Chitwan National Park,Not specified,2025-11-17,Bolpatra,Meshjali Sahit Tarbar Nirman
works  ncb,30,17-12-2025 12:00,,IDO/KTG/NCB/W-15/082/83,16-11-2025 00:00,"Infrastructure Development Office, Khotang",Not specified,2025-11-17,Bolpatra,Construction of Khanidanda Bimansthal Dekhi Yamkha Ratmata Diprung Chuichumma Gaunpalika ko Karyalaya Hundai Panchami Bazar Samma Sadak kalopatre Khotang
works  ncb,30,17-12-2025 12:00,,IDOBAGLUNG/NCB/W/R/28/2082/83,17-11-2025 10:00,"Infrastructure Development Office, Baglung",Not specified,2025-11-17,Bolpatra,"Dobhankhola-Tinghare-Duruskhola Hudai Kamere Aaugadi Motorbato, Tarakhola 3"
works  ncb,30,17-12-2025 12:00,,IDOBAGLUNG/NCB/W/R/30/2082/83,17-11-2025 12:00,"Infrastructure Development Office, Baglung",Not specified,2025-11-17,Bolpatra,"Bukeni Manakamana Ward Karyalaye Ward No. 9, Tityang Sadak, Baglung, Ba.Na.Pa.-09, Baglung"
works  ncb,29,16-12-2025 12:00,,04/RM/NCB/082-083,16-11-2025 00:00,Executive Office of Rajdeve Municipality,Not specified,2025-11-17,Bolpatra,Construction work of Primary School
works  ncb,29,16-12-2025 12:00,,09/BELAKA/NCB/W/2082-083,16-11-2025 00:00,"Belaka Municipality Office, Rampur Udayapur",Not specified,2025-11-17,Bolpatra,Bishwash Chauk Dekhi Janjagaran Tole Hudai Bandada Bhagalpur Samma Sadak Nirman
works  ncb,29,16-12-2025 12:00,,19/NCB/TM/W/2082-83,16-11-2025 11:00,"Tokha Municipality, Office of the Municipal Executive",Not specified,2025-11-17,Bolpatra,"Krishi Jadibuti Park Nirman, ward-7"
works  ncb,29,16-12-2025 12:00,,20/NCB/TM/W/2082-83,16-11-2025 11:00,"Tokha Municipality, Office of the Municipal Executive",Not specified,2025-11-17,Bolpatra,"Ward no 3 ko Bhatkeko Pul dekhi Ville Panchetar Hudai Bakhundol Niskane Sadak Istarunnati, Ward 2"
works  ncb,29,16-12-2025 12:00,,AM/NCB/WORKS/07-082/83,16-11-2025 00:00,Arjundhara Municipality,Not specified,2025-11-17,Bolpatra,Construction of Store Building with surrounding paving works in Arjundhara Municipality Office
works  ncb,29,16-12-2025 12:00,,CPRMBJH/NCB/W/S/01-2082/083,16-11-2025 00:00,Chhabispathivera Rural Municipality,Not specified,2025-11-17,Bolpatra,Suryadaya Basic School Building Construction Work CPRM-07
works  ncb,29,16-12-2025 12:00,,DAO/KAILALI/Works/NCB/01-2082/083,16-11-2025 00:00,"District Administration Office, Kailali",Not specified,2025-11-17,Bolpatra,"Construction of Guard Quarter building works at District Administration Office,Kailali."
works  ncb,29,16-12-2025 12:00,,GPO/2082/23-01(E-Bid),16-11-2025 12:00,"NEA, Gandaki Provincial Office",Not specified,2025-11-17,Bolpatra,Transportation of Electrical goods between different stores of NEA.
works  ncb,29,16-12-2025 12:00,,IDO-UDA-NCB-BUILD-11-2082/083,14-11-2025 23:50,"Infrastructure Development Office, Udayapur",Not specified,2025-11-17,Bolpatra,"Barghatta Khelmaidan Nirman , Triyuga Municipality-10, Udayapur"
works  ncb,29,16-12-2025 12:00,,IDO-UDA-NCB-BUILD-13-2082/083,14-11-2025 23:50,"Infrastructure Development Office, Udayapur",Not specified,2025-11-17,Bolpatra,"Construction of Sahid Tatha Janayoddha Pratisthan Adhuro Building, Triyuga Municipality. -3 Udayapur"
works  ncb,29,16-12-2025 12:00,,IDO-UDA-NCB-BUILD-14-2082/083,14-11-2025 23:50,"Infrastructure Development Office, Udayapur",Not specified,2025-11-17,Bolpatra,"Shantidham parisarma raheko Adhuro Gita Bhawan Nirman,Triyuga Municipality-12,Udayapur"
works  ncb,29,16-12-2025 12:00,,IDO-UDA-NCB-ROAD-04-2082/083,14-11-2025 23:50,"Infrastructure Development Office, Udayapur",Not specified,2025-11-17,Bolpatra,"(Rcc Drain Construction) Dhunsher Chok dekhi Shwastha Chauki hundai Hurundek samma jane Sadak,Triyuga Na. Pa. -12, Udayapur"
works  ncb,29,16-12-2025 12:00,,IDO-UDA-NCB-ROAD-05-2082/083,14-11-2025 23:50,"Infrastructure Development Office, Udayapur",Not specified,2025-11-17,Bolpatra,"Madan bhandari Raj marga Purwa wada karyalaya hundai jaljale Shiladi Sadak, Triyuga na Pa. -7,Udayapur"
works  ncb,29,16-12-2025 12:00,,IDO-UDA-NCB-ROAD-08-2082/083,14-11-2025 23:50,"Infrastructure Development Office, Udayapur",Not specified,2025-11-17,Bolpatra,"(Rcc Drain Construction) Susma Khatri ko ghar dekhi Madan Bhandari Rajmarga jodne Sadak ko adhuro nala Nirman Devithan Tol bikas shantha Devithan marga, Udayapur,Triyuga Na. Pa. -13, Udayapur"
works  ncb,29,16-12-2025 12:00,,IDODHADING/W/NCB/25/2082/83,16-11-2025 00:00,"Infrastructure Development Office,Dhading",Not specified,2025-11-17,Bolpatra,"Nilkantha nagar chakrapath starronati, nilkantha na pa-8, dhading"
works  ncb,30,17-12-2025 12:00,,MRM/NCB/07-2082/083,17-11-2025 11:00,"Malikarjun Rural Municipality, Darchula",Not specified,2025-11-17,Bolpatra,School Infrastructure Improvement Program for quality Education
works  ncb,30,17-12-2025 12:00,,SRM/GORKHA/WORKS/INFRA/NCB/082/083-P8,16-11-2025 06:00,"Siranchok Rural Municipality, Gorkha",Not specified,2025-11-17,Bolpatra,Construction of additional storey of ward no 2 office
works  ncb,30,17-12-2025 12:00,,SRM/MUGU/NCB/WORKS/BC/07/2082/83,17-11-2025 00:00,"Soru Rural Municipality,Mugu",Not specified,2025-11-17,Bolpatra,The construction of the School Building of Bhawani Ma Vi Purumuruma 4 Kothe Bhawan Nirman
works  ncb,30,17-12-2025 12:00,,SRM/MUGU/NCB/WORKS/BC/08/2082/83,17-11-2025 00:00,"Soru Rural Municipality,Mugu",Not specified,2025-11-17,Bolpatra,The construction of the School Building of Bijayaa Aawashiya Vidhyalaya Thulachaurko 4 Kothe Bhawan Nirman
works  ncb,30,17-12-2025 12:00,,SSRM-ROL-08-2082/083,17-11-2025 00:00,"Sunil Smriti Rural Municipality, Office of Rural Municipal Executive,Sulichaur, Rolpa",Not specified,2025-11-17,Bolpatra,Khanepani Nirmaan Yojana Wada No.8
works  ncb,27,14-12-2025 12:00,,03-IDOKAN/W/NCB/082-083-39,14-11-2025 00:00,"Infrastructure Development Office (IDO), kanchanpur",Not specified,2025-11-17,Bolpatra,"Construction of Gharsuwa Jholunge pul dekhi sarshwoti Ma vi Hudai Purano Pich samma Sadak Nirman Betkot-7,Kanchanpur"
works  ncb,27,14-12-2025 12:00,,03-IDOKAN/W/NCB/082-083-40,14-11-2025 00:00,"Infrastructure Development Office (IDO), kanchanpur",Not specified,2025-11-17,Bolpatra,"Construction of Hariyali Marg Kalopatre Sadak, Laljhadi-6,Kanchanpur"
works  ncb,27,14-12-2025 12:00,,03-IDOKAN/W/NCB/082-083-41,14-11-2025 00:00,"Infrastructure Development Office (IDO), kanchanpur",Not specified,2025-11-17,Bolpatra,"Construction of JB Chok ra Baijnath Mandirko Bith Bata Kalika Tole Jane Sadak,Krishnapur-2,Kanchanpur"
works  ncb,27,14-12-2025 12:00,,03-IDOKAN/W/NCB/082-083-42,14-11-2025 00:00,"Infrastructure Development Office (IDO), kanchanpur",Not specified,2025-11-17,Bolpatra,Construction of Mahendra Rajmarga Naharko Dakshirn Dekhi Bajeko Mil Hudai Jane Sadakma Nali Nirman
works  ncb,27,14-12-2025 12:00,,03-IDOKAN/W/NCB/082-083-43,14-11-2025 00:00,"Infrastructure Development Office (IDO), kanchanpur",Not specified,2025-11-17,Bolpatra,"Construction of Betkot 3 Daiji-Beldadi Sadak Khanda Dakshirn Nahar- Paneru Tole Hudai Aashapur Mukti Shibir Samma Sadak Nirman,Betkot-3,kanchanpur"
works  ncb,27,14-12-2025 12:00,,03-IDOKAN/W/NCB/082-083-44,14-11-2025 00:00,"Infrastructure Development Office (IDO), kanchanpur",Not specified,2025-11-17,Bolpatra,"Construction of Prem Singh Dhami Smirti Marg Sadak Nirman Betkot-8,Kanchanpur"
works  ncb,27,14-12-2025 12:00,,03-IDOKAN/W/NCB/082-083-45,14-11-2025 00:00,"Infrastructure Development Office (IDO), kanchanpur",Not specified,2025-11-17,Bolpatra,"Construction of Tripura Mandir Dekhi Dakshirn Samma Sadak Kalopatre,Betkot-10,Kanchanpur"
works  ncb,27,14-12-2025 12:00,,03-IDOKAN/W/NCB/082-083-46,14-11-2025 00:00,"Infrastructure Development Office (IDO), kanchanpur",Not specified,2025-11-17,Bolpatra,"Construction of Tallo BaitadaDekhi Mathillo Baitada Hudai Chwagadi Phata Samma ko 3.5 km Bato Kalopatre,Betkot-4,Kanchanpur"
works  ncb,27,14-12-2025 12:00,,03-IDOKAN/W/NCB/082-083-48,14-11-2025 00:00,"Infrastructure Development Office (IDO), kanchanpur",Not specified,2025-11-17,Bolpatra,"Construction of Bhi na pa 10 Bajrangi Tole Border kalu tamata ko ghar dekhi gaji bista ko ghar hudai hudai nagarjun mandir samma sadak nirman Bhi na pa 10 ,Kanchanpur"
works  ncb,27,14-12-2025 12:00,,03-IDOKAN/W/NCB/082-083-49,14-11-2025 00:00,"Infrastructure Development Office (IDO), kanchanpur",Not specified,2025-11-17,Bolpatra,"Construction of Bhi na pa 10 Bujela pul paschim uttar sadak,Bheemdatt-10,Kanchanpur"
works  ncb,27,14-12-2025 12:00,,03-IDOKAN/W/NCB/082-083-50,14-11-2025 00:00,"Infrastructure Development Office (IDO), kanchanpur",Not specified,2025-11-17,Bolpatra,"Construction of Bhi na pa 11 ma raheko shivajyoti Tole dekhi janjyoti tole jane sadak kalopatre,Bheemdatt-11,Kanchanpur"
works  ncb,27,14-12-2025 12:00,,03-IDOKAN/W/NCB/082-083-51,14-11-2025 00:00,"Infrastructure Development Office (IDO), kanchanpur",Not specified,2025-11-17,Bolpatra,Construction of Gaddachauki dekhi Jimuwa Tumndani hudai chakki phata Malikarjun Tole kalpatta Tole hudai dalit sahabhagi Tole shrilanka ra mahakali Tole kinar Radhaswami mandir samma dui tarphi nala sahit sadak kalopatre
works  ncb,27,14-12-2025 12:00,,03-IDOKAN/W/NCB/082-083-53,14-11-2025 00:00,"Infrastructure Development Office (IDO), kanchanpur",Not specified,2025-11-17,Bolpatra,Construction of Tripura club hudai Chauraha ko Chakki samma sadak kalopatre Nirantarata Bhi na pa 05 Kanchanpur
works  ncb,27,14-12-2025 12:00,,03-IDOKAN/W/NCB/082-083-54,14-11-2025 00:00,"Infrastructure Development Office (IDO), kanchanpur",Not specified,2025-11-17,Bolpatra,"Construction of Shivbhakta Tole Bhagatpur ma dhal nikash sahit sadak nirman bhi na pa 04 ,Kanchanpur"
works  ncb,27,14-12-2025 12:00,,03-IDOKAN/W/NCB/082-083-55,14-11-2025 00:00,"Infrastructure Development Office (IDO), kanchanpur",Not specified,2025-11-17,Bolpatra,Construction of Tripura Mandir Ko khola dekhi paschimma Satyabadi School Hudai mul nahar Samma ko Sadak kalopatre Bhi na pa 05
works  ncb,27,14-12-2025 13:00,,FSCMO/NCB/W/2082/83-03,14-11-2025 12:00,Federal Secretariat Construction & Management Office,Not specified,2025-11-17,Bolpatra,"Cleaning and solid waste management of Singhadurbar Premises, Solid waste management at premises of Residence of President, Vice President, Speaker, National Assembly Chairperson, Chief Justice, Federal Ministers, Supreme Court Judge, Federal Secretariat Construction and Management Office , and Gardening of Premises of specific area of Singhadurbar and Vice President&rsquo;s residence Premises"
works  ncb,27,14-12-2025 12:00,,FUDBC/Morang/NCB/Works/42-2082-083,14-11-2025 15:00,"Federal Urban Development and Building Construction Office, Morang",Not specified,2025-11-17,Bolpatra,"Construction of Integrated Urban Infrastructure Works in Rangeli Municipality, Morang"
works  ncb,27,14-12-2025 12:00,,GGM/WORKS/NCB/09/2082/083,14-11-2025 11:00,"Gauriganga Municipality, Chaumala Kailali",Not specified,2025-11-17,Bolpatra,"Rajipur Khurkhuriya hudai Masurkhet School dekhi Kailari Ga Pa Jodne Sadak Kalopatre, Gauriganga-04, Kailali"
works  ncb,18,05-12-2025 12:00,,KM/W/NCB/PAR/04(082/083),04-11-2025 00:00,kushma Municipality,Not specified,2025-11-17,Bolpatra,Kushma Municipality Building Carbon wrapping work (CFRP wrap with strip &amp; Anchor)
works  ncb,30,17-12-2025 12:00,,IFB/02/2082-083,17-11-2025 10:00,Infrastructure Development Office Ramechhap,Not specified,2025-11-17,Bolpatra,"Upgrading works of Kudahar thapachwok bich sadak starunati, Manthali-01, Ramechhap"
works  ncb,30,17-12-2025 12:00,,IFB/02/2082-83,17-11-2025 10:00,Infrastructure Development Office Ramechhap,Not specified,2025-11-17,Bolpatra,"Upgrading works of Galpa Doramba Kholakharka Sadak, Doramba Sailung 2 and 1"
works  ncb,30,17-12-2025 12:00,,IFB/02/82-83,17-11-2025 10:00,Infrastructure Development Office Ramechhap,Not specified,2025-11-17,Bolpatra,"Upgrading works of Bhatauli Thedikhola hudai Mughikhola Simpani Sadak Stronati Manthali-07, Ramechhap"
works  ncb,30,17-12-2025 12:00,,IFB/RMC/02/082-083,17-11-2025 10:00,Infrastructure Development Office Ramechhap,Not specified,2025-11-17,Bolpatra,"Upgrading Works of Traffic Chowk Dekhi Dahalgaau Pugne Sadak Starunnati, Manthali-01, Ramechhap"
works  ncb,30,17-12-2025 12:00,,IFB/RMC/02/082/083,17-11-2025 10:00,Infrastructure Development Office Ramechhap,Not specified,2025-11-17,Bolpatra,Upgrading works of Doramba Chauki Dekhi Mane Bhodal Dada hudai Ghichet Khola Sadak
works  ncb,30,17-12-2025 12:00,,IFB/RMC/02/2082-083,17-11-2025 10:00,Infrastructure Development Office Ramechhap,Not specified,2025-11-17,Bolpatra,Upgrading Works of Dhobi Bhuji Preeti Lachhaure Madhyamargi Sadak
works  ncb,30,17-12-2025 12:00,,IFB/RMC/02/2082-2083,17-11-2025 10:00,Infrastructure Development Office Ramechhap,Not specified,2025-11-17,Bolpatra,Upgrading works of Jalkini Khola Sadak Khadadevi-9 Ramechhap
works  ncb,30,17-12-2025 12:00,,IFB/RMC/02/2082-83,17-11-2025 10:00,Infrastructure Development Office Ramechhap,Not specified,2025-11-17,Bolpatra,"Upgrading Works of Aarubot Thapatole Barbot Hundai Wardkaryala Sadak,Manthali Na.Pa -13,Ramechhap"
works  ncb,30,17-12-2025 12:00,,IFB/RMC/02/2082/083,17-11-2025 09:00,Infrastructure Development Office Ramechhap,Not specified,2025-11-17,Bolpatra,"Upgradidng works of kerabari sadak, Manthali-13"
works  ncb,30,17-12-2025 12:00,,IFB/RMC/02/82-83,17-11-2025 10:00,Infrastructure Development Office Ramechhap,Not specified,2025-11-17,Bolpatra,"Upgrading works of Dipjyoti Chowk Bi.Pi Salik hudai Ward Karalaya Dhal tatha Sadak Starunati,Manthali Municipality -01, Ramechhap"
works  ncb,30,17-12-2025 12:00,,IFB/RMC/2/2082-083,17-11-2025 10:00,Infrastructure Development Office Ramechhap,Not specified,2025-11-17,Bolpatra,"Upgrading works of Jaladevi Ma.Bi. Ataldada Kataunje Jodne Sadak, Sunapati-05, Ramechhap"
works  ncb,30,17-12-2025 12:00,,IFB/RMC/2/2082-83,17-11-2025 10:00,Infrastructure Development Office Ramechhap,Not specified,2025-11-17,Bolpatra,Upgrading works of Goganpani Patle Pani Fulpa Sadak Starunnati
works  ncb,27,14-12-2025 12:00,,JPM-NCB-04-2082/083,14-11-2025 00:00,"Jayaprithivi Municipality, Bajhang",Not specified,2025-11-17,Bolpatra,Luyata Aa.Bi Building and Boundary Construction Work
works  ncb,27,14-12-2025 12:00,,KRM/NCB/Works/Dolakha/04/2082/083,14-11-2025 10:00,"Kalinchok Rural Municipality, Sunkhani",Not specified,2025-11-17,Bolpatra,Upgrading of Pratap smiriti college narme- thalari Campus Chandithan pyauswara Sanskritgram Sadak
works  ncb,27,14-12-2025 12:00,,MMEB9/NCB/JAUKHET-DANSING/2082/083,14-11-2025 17:00,Office of Musikot Municipality,Not specified,2025-11-17,Bolpatra,Jaukhet Dangsin Dadalka Urleni Chandrakot Motarbato Istarunati/LISP -2082/083
works  ncb,27,14-12-2025 12:00,,OMDRM-GUL-W-NCB-12-2082/83,14-11-2025 06:00,Office of Madane Rural Municipality,Not specified,2025-11-17,Bolpatra,Administrative Building Furnishing and Interior Design Works
goods  ncb,27,14-12-2025 12:00,,PMUN/NCB/GOODSS/02/2082/083,14-11-2025 00:00,Panchkhal Municipality Office,Not specified,2025-11-17,Bolpatra,Procurement of AC Strret Light and Related items
works  ncb,27,14-12-2025 12:00,,PRMW/NCB/01/2082/83,14-11-2025 00:00,Phalgunanda Rural Municipality,Not specified,2025-11-17,Bolpatra,Construction of office quarter building works.
works  ncb,27,14-12-2025 12:00,,RMO/Goods/NCB/17/082/083,14-11-2025 00:00,"Rampur Municipality Office, Rampur",Not specified,2025-11-17,Bolpatra,Construction of Gejha Health Post Building at Rampur 10.
works  ncb,27,14-12-2025 12:00,,RMO/WORK/NCB/18/082/083,14-11-2025 00:00,"Rampur Municipality Office, Rampur",Not specified,2025-11-17,Bolpatra,Construction of Kaligandaki Aadharshila Krishi Sahakari Building at Rampur 10.
works  ncb,27,14-12-2025 12:00,,RMO/WORK/NCB/23/082/083,14-11-2025 00:00,"Rampur Municipality Office, Rampur",Not specified,2025-11-17,Bolpatra,Construction and lining of Rangbhang Kulo at Rampur Municipality 5.
works  ncb,27,14-12-2025 12:00,,RMO/WORK/NCB/28/082/083,14-11-2025 00:00,"Rampur Municipality Office, Rampur",Not specified,2025-11-17,Bolpatra,"Construction of Kotdanda nawadurga mandir park, Picnic spot and Tourism Spot."
goods  ncb,27,14-12-2025 12:00,,RMO/WORK/NCB/30/082/083,14-11-2025 00:00,"Rampur Municipality Office, Rampur",Not specified,2025-11-17,Bolpatra,"Procurement of Transmitter, Technical Goods and management for Office of Community Radio Rampur 5"
works  ncb,27,14-12-2025 12:00,,SDO/Works/NCB/2082/083/14,14-11-2025 17:00,"Social Development Office, Kailali",Not specified,2025-11-17,Bolpatra,"Construction of 2 room Building in Janata aa vi , Chure -02, Kailali"
works  ncb,27,14-12-2025 12:00,,SDO/Works/NCB/2082/083/15,14-11-2025 17:00,"Social Development Office, Kailali",Not specified,2025-11-17,Bolpatra,"Construction of 2 room Building in Gwasi aa vi , Ghodawari -04 , Kailali"
works  ncb,27,14-12-2025 12:00,,SDO/Works/NCB/2082/083/16,14-11-2025 17:00,"Social Development Office, Kailali",Not specified,2025-11-17,Bolpatra,"Construction of 2 room Building in Bhagwati aa vi , Ghodawari -04 , Kailali"
works  ncb,27,14-12-2025 12:00,,SDO/Works/NCB/2082/083/17,14-11-2025 17:00,"Social Development Office, Kailali",Not specified,2025-11-17,Bolpatra,"Construction 2 room Buliding Of Ganesh Aa Vi Godawari-10, Janaki ma Vi Godawari-10 and Durga Ma vi Godawari-12"
works  ncb,27,14-12-2025 12:00,,SDO/Works/NCB/2082/083/18,14-11-2025 17:00,"Social Development Office, Kailali",Not specified,2025-11-17,Bolpatra,"Construction 2 room Buliding Of Samaiji Aa Vi Godawari-8 , Sudurpaschim ma Vi Godawari-02 and Bhageshor aa vi Godawari-01 ,Kailali"
works  ncb,27,14-12-2025 12:00,,SDO/Works/NCB/2082/083/19,14-11-2025 16:00,"Social Development Office, Kailali",Not specified,2025-11-17,Bolpatra,"Construction 2 room Buliding Of Betal aa vi Gauriganga -07 , Mohanyal ma Bidhya mandir Gauriganga -01 , Kailali and Rastriya ma vi Ghodaghodi na pa -12, Kailali"
works  ncb,27,14-12-2025 12:00,,SDO/Works/NCB/2082/083/20,14-11-2025 17:00,"Social Development Office, Kailali",Not specified,2025-11-17,Bolpatra,"Construction 2 room Buliding Of Tribhuwan Rastriya ma vi Tikapur-05, Karnaleshor aa vi Tikapur-01 and Kalika aa vi Janaki ga pa-02, Kailali"
works  ncb,29,16-12-2025 12:00,,WIDDARG/NCB-06/082-83,16-11-2025 10:00,"Water Resource & Irrigation Development Division Office, Arghakhanchi",Not specified,2025-11-17,Bolpatra,"Khakabesi Siraha and Onarukh Bastari IP,Chisakhola Bismara Jimirekhola IP,Thulakhet dekhi Damaha Samma IP,Bhagbati Pata Kharkhare IP Bhumikasthan-01,02 &amp;03 ,Arghakhanchi"
works  ncb,29,16-12-2025 12:00,,WIDDARG/NCB-07/082-83,16-11-2025 10:00,"Water Resource & Irrigation Development Division Office, Arghakhanchi",Not specified,2025-11-17,Bolpatra,"Tinthupre Baireni Chharchhare Kharibot IP,Budhadi Belah Basana Kulo IP,Guthadi Pakki Kulo Nirman Yojana IP Chhatradev-03,Panini-08,Arghakhanchi"
works  ncb,29,16-12-2025 12:00,,WORKS/NCB/DM/27/2082/083,16-11-2025 00:00,Dullu Municipality Office,Not specified,2025-11-17,Bolpatra,Jesthanagarik Bhawan Nirman Karye
works  ncb,28,15-12-2025 12:00,,CRM-Works/03/082/083,14-11-2025 00:00,Chame Rural Municipality,Not specified,2025-11-17,Bolpatra,Construction Of Kitchen And Bathroom Of Gaurishankar Basic School
works  ncb,28,15-12-2025 12:00,,DRM/MYAGDI/NCB/W/B/01/082-083,14-11-2025 00:00,"Dhawalagiri Rural Municipality, Myagdi",Not specified,2025-11-17,Bolpatra,"Janajagirti Secondary School Building Reconstruction Works, DRM-05, Malkawang"
works  ncb,28,15-12-2025 12:00,,EGP/PURMO/NCB/BUIL/WORKS/2082/083-14,14-11-2025 00:00,"Putha Uttarganga Rural Municipality, Rukum, East",Not specified,2025-11-17,Bolpatra,"Construction of Ward No. 3 Administrative Office Building at Putha Uttarganga Rural Municipality, Ranma"
works  ncb,20,07-12-2025 12:00,,IDODHADING/W/NCB/17/2082/83,07-11-2025 00:00,"Infrastructure Development Office,Dhading",Not specified,2025-11-17,Bolpatra,"Sayale Swaratar Jiban Bigyan Sadak Starronnati,Thakre-7, Dhading"
works  ncb,20,07-12-2025 12:00,,IDODHADING/W/NCB/18/2082/83,07-11-2025 00:00,"Infrastructure Development Office,Dhading",Not specified,2025-11-17,Bolpatra,"Kaule ghumti phulobot satdobato pokhari danda sadak,Nilkantha na pa Dhading"
works  ncb,20,07-12-2025 12:00,,IDOSANK/Works/Road/NCB-3/2082/83,05-11-2025 10:00,"Infrastructure Development Office,Sankhuwasabha",Not specified,2025-11-17,Bolpatra,"Sidhuwa Bazar Dhalan Paanchkhapan-2, Sankhuwasabha"
works  ncb,20,07-12-2025 12:00,,KRM/NCB/Works/1S1E-2-82/83,05-11-2025 00:00,Kailari Rural Municipality,Not specified,2025-11-17,Bolpatra,"Construction of 4-Room Building At SarswotiSecondary School, Kailari-06,Kharuwakheda, Kailali"
works  ncb,20,07-12-2025 12:00,,KRM/NCB/Works/1S1E-3-82/83,05-11-2025 00:00,Kailari Rural Municipality,Not specified,2025-11-17,Bolpatra,"Construction of 4-Room Building At Kalimai Aa. Bi., Kailari-04, Bhitariya, Kailali"
works  ncb,20,07-12-2025 12:00,,KRM/NCB/Works/1S1E-4-82/83,05-11-2025 00:00,Kailari Rural Municipality,Not specified,2025-11-17,Bolpatra,"Construction of Community Building At Kailari-04, Hanuman Mandir, Kailari"
works  ncb,20,07-12-2025 12:00,,LMUN-W08-IFB-2082-83-09,05-11-2025 00:00,Lahan Municipality,Not specified,2025-11-17,Bolpatra,"Construction of Municipal Ward Office Building at Ward No-01, Lahan"
works  ncb,20,07-12-2025 12:00,,LRM/NCB/Building/2082/83-01,07-11-2025 12:00,"Likhu Rural Municipality, Okhaldhunga",Not specified,2025-11-17,Bolpatra,"Construction of Ward Office Building at Likhu Rural Municipality -04, Yasam, Okhaldhunga"
works  ncb,20,07-12-2025 12:00,,LRM/NCB/Building/2082/83-02,07-11-2025 12:00,"Likhu Rural Municipality, Okhaldhunga",Not specified,2025-11-17,Bolpatra,"Construction of Ward Office Building at Likhu Rural Municipality - 06, Okhaldhunga"
works  ncb,20,07-12-2025 12:00,,LRM/NCB/Building/2082/83-03,07-11-2025 12:00,"Likhu Rural Municipality, Okhaldhunga",Not specified,2025-11-17,Bolpatra,"Construction of Ward Office Building at Likhu Rural Municipality - 08, Tarkerabari, Okhaldhunga"
works  ncb,20,07-12-2025 12:00,,SSRM-ROL-07-2082/083,06-11-2025 00:00,"Sunil Smriti Rural Municipality, Office of Rural Municipal Executive,Sulichaur, Rolpa",Not specified,2025-11-17,Bolpatra,"Building Construction Of Secondary School Ward No.-5,Rolpa"
works  ncb,20,07-12-2025 12:00,,TM/PLP/W/NCB/15/2082-083,05-11-2025 22:00,Tansen Municipality,Not specified,2025-11-17,Bolpatra,"Building Upgrading Work (Bhusaldanda Badminton Hall), Tansen-1, Palpa"
works  ncb,18,05-12-2025 14:00,,01-01-082-083-NCBW-Ward32-KMC,05-11-2025 00:00,KMC Ward 32,Not specified,2025-11-17,Bolpatra,Koteshwor Bahumukhi Campus Bhawan Nirman (Bahubarsiya)
works  ncb,18,05-12-2025 12:00,,02-03-082-83-NCBW-HRM,05-11-2025 05:00,Helambu Rural Municipality,Not specified,2025-11-17,Bolpatra,"Construction of Ward Office Building, Ward-04, Helambu"
works  ncb,18,05-12-2025 12:00,,02/WORKS/NCB/DRM/2082/083,03-11-2025 00:00,Durgathali Rural Municipality,Not specified,2025-11-17,Bolpatra,Construction of Janasayog Basic School Durgathali RM-07 gaira Bajhang
works  ncb,18,05-12-2025 12:00,,LMUN-W02-IFB-2082-83-03,04-11-2025 00:00,Lahan Municipality,Not specified,2025-11-17,Bolpatra,"Construction of 4 Classrooms Academic Block Building at Shree La La ku Ma Vi, Lahan-3"
works  ncb,18,05-12-2025 12:00,,LMUN-W03-IFB-2082-83-04,04-11-2025 00:00,Lahan Municipality,Not specified,2025-11-17,Bolpatra,Construction of 4 Classrooms Acadamic Block Building at Shree Taregna Mavi Lahan -16
works  ncb,18,05-12-2025 12:00,,LMUN-W04-IFB-2082-83-05,04-11-2025 00:00,Lahan Municipality,Not specified,2025-11-17,Bolpatra,"Construction of Municipal Ward Office Building at Ward No-4, Lahan"
works  ncb,18,05-12-2025 12:00,,LMUN-W05-IFB-2082-83-06,04-11-2025 00:00,Lahan Municipality,Not specified,2025-11-17,Bolpatra,"Construction of Municipal Ward Office Building at Ward no-13, Lahan"
works  ncb,18,05-12-2025 12:00,,LMUN-W06-IFB-2082-83-07,04-11-2025 00:00,Lahan Municipality,Not specified,2025-11-17,Bolpatra,"Construction of Municipal Ward Office Building at Ward No-16, Lahan"
works  ncb,18,05-12-2025 12:00,,LMUN-W07-IFB-2082-83-08,04-11-2025 00:00,Lahan Municipality,Not specified,2025-11-17,Bolpatra,"Construction of Municipal Ward Office Building at Ward No-24, Lahan"
works  ncb,18,05-12-2025 12:00,,Mahalaxmi/W/NCB/08/2082/83,05-11-2025 00:00,"Mahalaxmi Municipality, Office of Municipal Executive",Not specified,2025-11-17,Bolpatra,Sitapakha Chowk Bata Uttar-Purbha Dhala Nirman
works  ncb,18,05-12-2025 12:00,,Mahalaxmi/W/NCB/09/2082/83,05-11-2025 00:00,"Mahalaxmi Municipality, Office of Municipal Executive",Not specified,2025-11-17,Bolpatra,"Fedikhola Bata Woda Karyalaya Jane Bato, Ward no. 10"
works  ncb,18,05-12-2025 12:00,,MMSI/WORKS/NCB/2082-83/17,05-11-2025 10:00,Melamchi Municipality Office,Not specified,2025-11-17,Bolpatra,"Construction Works of Jalpadevi Mandir ,Melamchi Municipality Ward No.02"
works  ncb,18,05-12-2025 12:00,,MMSI/WORKS/NCB/2082-83/18,05-11-2025 00:00,Melamchi Municipality Office,Not specified,2025-11-17,Bolpatra,Upgrading Works of Patigaun 15 No. Dumping Rayamajhitol Sadak
works  ncb,18,05-12-2025 12:00,,MRM-KSS-2082/83-01,05-11-2025 00:00,"Shree Kulmastjan Secondary School, Bajhang",Not specified,2025-11-17,Bolpatra,Kulmastjan ASecondary School Truss Building and Boundry Wall Construction Work
goods  sealed quotation,15,02-12-2025 12:00,,LMC-SQ-GOODS-2082/83-01.,17-11-2025 00:00,Lalitpur Metropolitan City Office,Not specified,2025-11-17,Bolpatra,Procurement of Scanner
works  ncb,29,16-12-2025 12:00,,IDODHADING/W/NCB/28/2082/83,16-11-2025 00:00,"Infrastructure Development Office,Dhading",Not specified,2025-11-17,Bolpatra,"Simpani Sasirang sadak staronnati, Thakre ga pa- 8, Dhading"
works  ncb,29,16-12-2025 12:00,,IDODHADING/W/NCB/29/2082/83,16-11-2025 00:00,"Infrastructure Development Office,Dhading",Not specified,2025-11-17,Bolpatra,Improvement of Surya Bahadur Dimdung marga chalise Walsing Banskharka Kundang sadak staronnati Gajuri Ga. Pa. Dhading
works  ncb,29,16-12-2025 12:00,,IDOLTP/W/NCB/87/2082-83,16-11-2025 10:00,Infrastructure Development Office Lalitpur,Not specified,2025-11-17,Bolpatra,"Upgrading of Dada Ghardekhi Soti Khola Hudai Milan Daiko Ghar Jaane Ojhetar Sadak, Gokarneshwor-03, Kathmandu"
works  ncb,29,16-12-2025 12:00,,IDOLTP/W/NCB/88/2082-83,16-11-2025 10:00,Infrastructure Development Office Lalitpur,Not specified,2025-11-17,Bolpatra,"Upgrading of : 1)Kuhiro Compound Tallo Dhalan Hudai Gongabu Saangla Jodne Sadak Sahit ko Sakha, 2) Ekamail Baata Deko Sammako Baato, 3) Saayu Ko Sadak, 4)Jhudole Shiva Mandir Aadarsha Tole Dekhi Kuwa Sammako Sadak, Tokha 3, Kathmandu"
works  ncb,29,16-12-2025 12:00,,IDOLTP/W/NCB/90/2082-83,16-11-2025 10:00,Infrastructure Development Office Lalitpur,Not specified,2025-11-17,Bolpatra,"Upgrading of 1)Jipline Station Muni bata Syauli Bajar jaane Sadak 2)Lamatole Kausi Dobato jaane Bhitri Baato 3) Lamatole bata Dwaretole Marga jaane Baato 4) Sunrise bata Gurungtole jaane Baato 5) Gairigau sthit Syangbo tole Sadak Changunarayan-6, Bhaktapur"
goods  ncb,29,16-12-2025 12:00,,IFBNo04:NPHL/NCB/G/04/2082-83,17-11-2025 00:00,National Public Health Laborotary,Not specified,2025-11-17,Bolpatra,Procurement of Office Goods
goods  ncb,29,16-12-2025 12:00,,KAPH/G/NCB-03/082/83,16-11-2025 10:00,Kapilvastu Hospital,Not specified,2025-11-17,Bolpatra,Procurement Of Surgical Items For Kapilvastu Hospital Store
goods  ncb,29,16-12-2025 12:00,,KAPH/G/NCB-04/082/83,16-11-2025 10:00,Kapilvastu Hospital,Not specified,2025-11-17,Bolpatra,Procurement Of lab Reagents &amp; Chemicals For Kapilvastu Hospital
goods  ncb,14,01-12-2025 12:00,,07/REV/2082-83,31-10-2025 10:00,Rishing rural municipal office,Not specified,2025-11-17,Bolpatra,Dhokardi Ghaat
works  ncb,14,01-12-2025 12:00,,08/NCB/MB/WORKS/082/083,02-11-2025 00:00,Madhyabindu Municipality,Not specified,2025-11-17,Bolpatra,Construction of Khusi park infront of Nagar asapatal
works  ncb,29,17-12-2025 12:00,,SDO/HUM/W/NCB/14/082-83,18-11-2025 00:00,"Social Development Office,Simkot,Humla",Not specified,2025-11-18,Bolpatra,Simikot RM ward no.7 Office building construction work
works  ncb,29,17-12-2025 12:00,,SDO/Works/NCB/2082/083/22,17-11-2025 16:00,"Social Development Office, Kailali",Not specified,2025-11-18,Bolpatra,"Construction 2 room Buliding Of Rastriya Muslim Mardsa Aa Vi Dhangadhi ,Kailali"
works  ncb,29,17-12-2025 12:00,,SDO/WORKS/NCB/2082/083/23,17-11-2025 16:00,"Social Development Office, Kailali",Not specified,2025-11-18,Bolpatra,"Construction of 4 room Building in Shree Chandra Aa vi , Kailari ga pa --07, Kailali"
works  ncb,29,17-12-2025 12:00,,SDO/WORKS/NCB/2082/083/24,17-11-2025 16:00,"Social Development Office, Kailali",Not specified,2025-11-18,Bolpatra,"Construction of 4 room Building in Shree Pashupati Sixya Mandir , Dhangadhi-07 , Kailali"
works  ncb,29,17-12-2025 12:00,,SDO/WORKS/NCB/2082/083/25,17-11-2025 16:00,"Social Development Office, Kailali",Not specified,2025-11-18,Bolpatra,"Kalika ma vi ko Adhuro Bhawan Nirman Lamki-01, Kailali"
works  ncb,29,17-12-2025 12:00,,SDO/WORKS/NCB/2082/083/26,17-11-2025 16:00,"Social Development Office, Kailali",Not specified,2025-11-18,Bolpatra,Construction 2 room Buliding Of Mohanyal Aa Vi Mohanyal-04 &amp; Arunodaya Aa Vi Mohanyal-05 Kailali
works  ncb,29,17-12-2025 12:00,,SDO/WORKS/NCB/2082/083/29,17-11-2025 16:00,"Social Development Office, Kailali",Not specified,2025-11-18,Bolpatra,"Construction Of 2 room School Building in Sunpal aa vi , Mohanyal -02 ,kailali"
works  ncb,28,16-12-2025 12:00,,PUDBC/Jhapa/Work/NCB/28/082-83,16-11-2025 11:00,"Project Office of Urban Development and Building Construction, JHAPA",Not specified,2025-11-18,Bolpatra,"Construction of Building of Mangalmay Ma.Bi, Kamal Rural Municipality, Jhapa."
works  ncb,28,16-12-2025 12:00,,Pudbc/Jhapa/Work/NCB/29/082-83,16-11-2025 12:00,"Project Office of Urban Development and Building Construction, JHAPA",Not specified,2025-11-18,Bolpatra,"Building and Infrastructure Construction Work in Pashupati Ma.Bi. Damak 08, Jhapa."
works  ncb,28,16-12-2025 12:00,,PUDBC/Jhapa/Work/NCB/30/082-83,16-11-2025 11:00,"Project Office of Urban Development and Building Construction, JHAPA",Not specified,2025-11-18,Bolpatra,Construction of Annex building work at District Coordination Committee Office Jhapa
works  ncb,28,16-12-2025 12:00,,PUDBC/Jhapa/Work/NCB/31/082-83,16-11-2025 11:00,"Project Office of Urban Development and Building Construction, JHAPA",Not specified,2025-11-18,Bolpatra,"Construction of Annex building and other infrastructure in the premises of the PUDBC, Jhapa"
works  ncb,28,16-12-2025 12:00,,PUDBC/Jhapa/Work/NCB/32/082-83,16-11-2025 12:00,"Project Office of Urban Development and Building Construction, JHAPA",Not specified,2025-11-18,Bolpatra,"Integrated Infrastructure Development Work in Birtamode Municipality -06, Jhapa"
works  ncb,28,16-12-2025 12:00,,PUDBC/Jhapa/Work/NCB/33/082-83,16-11-2025 12:00,"Project Office of Urban Development and Building Construction, JHAPA",Not specified,2025-11-18,Bolpatra,"Construction of Building of Janta Ma. Bi. Baluwathan, Gauradah-05, Jhapa"
works  ncb,28,16-12-2025 12:00,,URL-Bldng-Ward3-W-NCB-09-082/83,16-11-2025 00:00,Urlabari Municipality,Not specified,2025-11-18,Bolpatra,"Construction of Building at Guru Gorakchyanath Mandhir, ward 3"
works  ncb,27,15-12-2025 12:00,,IDOSYANGJA/NCB/W/R/36/082/83,14-11-2025 10:00,IDOSYANGJA,Not specified,2025-11-18,Bolpatra,Chapakot Hospital Marga Purano Hulak Chapakot Hospital Hudai Netra Smriti Bhawan Sadak Staronnati Ra Langhali Tol Dekhi Chosi Jodne Sadak Staronnati Chapakot 9 Syangja
works  ncb,27,15-12-2025 12:00,,IDOSYANGJA/NCB/W/R/38/082/83,14-11-2025 10:00,IDOSYANGJA,Not specified,2025-11-18,Bolpatra,"Baidi Kalikholsa Hudai Belbari Sadak Staronnati Chapakot 9 Ra Wada No. 6 Dekhi Sanskrit Krishi Campus Hudai Nagarpalika Kendra Jodne Sadak, Syangja"
works  ncb,27,15-12-2025 12:00,,JRM/NCB/W/03/2082-83,14-11-2025 00:00,"Jaljala Rural Municipality,Parbat",Not specified,2025-11-18,Bolpatra,"Construction Of Health Post Building at Jaljala Rural Municipality-09, Banau"
works  ncb,27,15-12-2025 12:00,,JRM/NCB/W/04/2082-83,14-11-2025 00:00,"Jaljala Rural Municipality,Parbat",Not specified,2025-11-18,Bolpatra,"Construction of Health Post Building at Jaljala Rural Municipality-07, Dhairing"
works  ncb,27,15-12-2025 12:00,,Rmun/NCB/Works/04/2082/83,14-11-2025 00:00,"Ratuwamai Municipality, Morang",Not specified,2025-11-18,Bolpatra,"Completion of Construction of Ratnadik School, Ratuwamai-09"
works  ncb,27,15-12-2025 12:00,,Rmun/NCB/Works/05/2082/83,14-11-2025 00:00,"Ratuwamai Municipality, Morang",Not specified,2025-11-18,Bolpatra,"construction of Infrastructure At Doriya AA. BI ,Ratuwamai-02"
works  ncb,26,14-12-2025 12:00,,IDO-UDA-NCB-BUILD-12-2082/083,14-11-2025 23:50,"Infrastructure Development Office, Udayapur",Not specified,2025-11-18,Bolpatra,"Construction of Rampur Bazar Bebasthapan,Belaka municipality-9,Udayapur"
works  ncb,26,14-12-2025 12:00,,IDO/GORKHA/NCB/W/R/20/082/083,14-11-2025 12:00,"Infrastructure Development Office, Gorkha",Not specified,2025-11-18,Bolpatra,"Upgrading of Arlangkuri Ghatkhesi Sadak Bhimsenthapa-08 And Bridi Bhanjyang Narayanpur Sadak Bhimsenthapa-07, Gorkha"
works  ncb,26,14-12-2025 12:00,,IDO/GORKHA/NCB/W/R/21/082/083,14-11-2025 12:00,"Infrastructure Development Office, Gorkha",Not specified,2025-11-18,Bolpatra,"Upgrading of Bagarkuwa Dhanuwaase Sadak,Go.na.Pa-08 And Bisaunimod Kaalewar Sadak,Go.Na.Pa-06,Gorkha"
works  ncb,26,14-12-2025 12:00,,IDO/GORKHA/NCB/W/R/22/2082/083,14-11-2025 12:00,"Infrastructure Development Office, Gorkha",Not specified,2025-11-18,Bolpatra,"Upgrading of Guntaar Paathivara Dhakreshwor Aappipal Sadak Pa.Na.Pa-03 And Baarhapirke Chhapthok sadak,Pa.Na.Pa-04,Gorkha"
works  ncb,26,14-12-2025 12:00,,IDO/GORKHA/NCB/W/R/23/082/083,14-11-2025 12:00,"Infrastructure Development Office, Gorkha",Not specified,2025-11-18,Bolpatra,"Upgrading of Bhandari Basti Tiwari Gaaun Kaabre sadak- Nareshwor Chambot sadak,Go.Na.Pa-03,Gorkha"
works  ncb,26,14-12-2025 12:00,,IDO/GORKHA/NCB/W/R/24/082/083,14-11-2025 12:00,"Infrastructure Development Office, Gorkha",Not specified,2025-11-18,Bolpatra,"Upgrading of Birdi Baagdanda Sadak Pa.Na.Pa,9-10,Gorkha"
works  ncb,26,14-12-2025 12:00,,IDO/GORKHA/NCB/W/R/25/082/083,14-11-2025 12:00,"Infrastructure Development Office, Gorkha",Not specified,2025-11-18,Bolpatra,"Upgrading of Chhapthok Maltigaiera Sadak,Pa.Na.Pa-04,Gorkha"
works  ncb,26,14-12-2025 12:00,,IDO/KTG/NCB/W-11/082/83,14-11-2025 00:00,"Infrastructure Development Office, Khotang",Not specified,2025-11-18,Bolpatra,B.P.Smriti Adhuro Bhawan Nirman Yojana Di.Ru.M.Na.Pa Khotang
works  ncb,26,14-12-2025 12:00,,IDO/KTG/NCB/W-12/082/83,14-11-2025 00:00,"Infrastructure Development Office, Khotang",Not specified,2025-11-18,Bolpatra,Debisthan Ekata Samaj Diktel Bhawan Nirman Di.Ru.Ma.Na.Pa. 1 Khotang
works  ncb,26,14-12-2025 12:00,,IDO/KTG/NCB/W-13/082/83,14-11-2025 00:00,"Infrastructure Development Office, Khotang",Not specified,2025-11-18,Bolpatra,Udhyog Banijya Sangh Sachivalaya Bhawan Nirman Yojana Diktel Khotang
works  ncb,26,14-12-2025 12:00,,IDO/MOR/NCB/R/W-16/082-83,13-11-2025 23:00,"Infrastructure Development Office, Morang",Not specified,2025-11-18,Bolpatra,"Upgrading of Dudhuwa Khola Dekhi Sakela Than Samma Sakela Marg, Biratnagar-11, Morang"
works  ncb,26,14-12-2025 12:00,,IDO/MOR/NCB/R/W-17/082-83,13-11-2025 23:00,"Infrastructure Development Office, Morang",Not specified,2025-11-18,Bolpatra,"Upgrading of Nala Nikasa Hudai Bakhri Hudai Durga mandir Samma Sadak Starunnati, Bakhri, Biratnagar - 12, Morang"
works  ncb,26,14-12-2025 12:00,,IDO/MOR/NCB/R/W-18/082-83,13-11-2025 23:00,"Infrastructure Development Office, Morang",Not specified,2025-11-18,Bolpatra,"Upgrading of Panchamukhi chowk Sailu pyakurel Ko Ghar Agadi Bato Kalopatre, Biratnagar-12, Morang"
works  ncb,26,14-12-2025 12:00,,IDO/MOR/NCB/R/W-19/082-83,13-11-2025 23:00,"Infrastructure Development Office, Morang",Not specified,2025-11-18,Bolpatra,"Upgrading of Sahmati Marg, Biratnagar - 8, Morang"
works  ncb,26,14-12-2025 12:00,,IDO/MOR/NCB/R/W-20/082-83,13-11-2025 23:00,"Infrastructure Development Office, Morang",Not specified,2025-11-18,Bolpatra,"Construction of Sudhir Chaudhary Ko Ghar Dekhi Paschim Hudai uttar Dakshin Club marg Sammako Bato, Abhibadan Tole,Biratnagar- 12, Morang"
works  ncb,26,14-12-2025 12:00,,IDO/MOR/NCB/R/W-22/082-83,13-11-2025 23:00,"Infrastructure Development Office, Morang",Not specified,2025-11-18,Bolpatra,"Construction of Gurung Tole dekhi Miteri Pul Dipu Jodnae Sadak Kalopatre Sundarharicha-5, Morang"
works  ncb,26,14-12-2025 12:00,,IDO/MOR/NCB/R/W-23/082-83,13-11-2025 23:00,"Infrastructure Development Office, Morang",Not specified,2025-11-18,Bolpatra,"Construction of Morden Marga Biratnagar-3, Morang"
works  ncb,26,14-12-2025 12:00,,IDO/MOR/NCB/R/W-24/082-83,13-11-2025 23:00,"Infrastructure Development Office, Morang",Not specified,2025-11-18,Bolpatra,"Construction of Yasokano Mandir Jane sadak Kalopatre-Belbari Na..Pa- 06 Somabare, Morang"
works  ncb,26,14-12-2025 12:00,,IDO/PAR/NCB/W/13/082-83,14-11-2025 10:00,"Infrastructure Development Office, Parbat",Not specified,2025-11-18,Bolpatra,"Upgrading of Shaidchowk Ramche Swara Bhalpokhara Chuchun Deurali Sadak,Phalewas-3 / Kalakhola Kaule Ward Karlaya Bangara Sadak, Phalewas-9"
works  ncb,26,14-12-2025 12:00,,IDO/PAR/NCB/W/14/082-83,14-11-2025 10:00,"Infrastructure Development Office, Parbat",Not specified,2025-11-18,Bolpatra,"Upgrading of Phedi Chauke Melpokhari Sadak, Phalewas-2 /Bhaluakhola Katuwa Bagar Sadak, Phalewas-4/5"
works  ncb,26,14-12-2025 12:00,,IDO/PAR/NCB/W/15/082-83,14-11-2025 10:00,"Infrastructure Development Office, Parbat",Not specified,2025-11-18,Bolpatra,"Upgrading of Phapre Khanara Dhaiyara Sadak, Phalewas-2 / Pokharachaur Healthpost Hudai Chuchun Deurali Rugdi Tatopani Sadak, Phalewas-3/4"
works  ncb,26,14-12-2025 12:00,,IDO/PAR/NCB/W/16/082-83,14-11-2025 10:00,"Infrastructure Development Office, Parbat",Not specified,2025-11-18,Bolpatra,"Construction/Upgrading of Bajramara Devi Mandir Bayale Bazzar, Phalewas-9/Lamachilaune Pahire Sadak, Phalewas-2/Bajramara Mandirdekhi Jasukharka Batyani Sadak, Phalewas-9"
works  ncb,26,14-12-2025 12:00,,IDO/PAR/NCB/W/17/082-83,14-11-2025 10:00,"Infrastructure Development Office, Parbat",Not specified,2025-11-18,Bolpatra,"Upgrading of Pithedada Lamshalthar Saradikhola Chitre Sadak, Modi-8/Darak Regmithowk Lamshalthar Chitre Sadak, Modi-8"
works  ncb,26,14-12-2025 12:00,,IDO/PAR/NCB/W/18/082-83,14-11-2025 10:00,"Infrastructure Development Office, Parbat",Not specified,2025-11-18,Bolpatra,"Combined Package for Upgrading of Dadar Zero dekhi Adherikhola Ward Office, Bihadi-5/Wahaki Bhanjyang Khalta Rammandir Choniyadada, Bihadi-4/Dadar Khorpokhara Hudai Ward Karyalaya Samma Sadak, Bihadi-5"
works  ncb,26,14-12-2025 12:00,,IDO/PAR/NCB/W/19/082-83,14-11-2025 10:00,"Infrastructure Development Office, Parbat",Not specified,2025-11-18,Bolpatra,"Upgrading of Bhorle Gyami Kapre Dansing Sadak, Payaun-7/Galchina Dharampani Payaunkot Sadak, Payaun/Saraukhola Sadane Sitle Balakot Sadak Payaun-6"
works  ncb,26,14-12-2025 12:00,,IDO/PAR/NCB/W/20/082-83,14-11-2025 10:00,"Infrastructure Development Office, Parbat",Not specified,2025-11-18,Bolpatra,"Upgrading of Pakhapani Wardkaryalaya Bhandarithar Purnagaun Timure Lamtung, Mahashila-4/Bhoksing Sarbudanda Kolakhark Sadak, Mahashila-2"
works  ncb,26,14-12-2025 12:00,,IDO/PAR/NCB/W/21/082-83,14-11-2025 10:00,"Infrastructure Development Office, Parbat",Not specified,2025-11-18,Bolpatra,"Upgrading of Sarthan Bhujunge Lamtung Sadak, Mahashila-4"
works  ncb,26,14-12-2025 12:00,,RMO/WORK/NCB/22/082/083,14-11-2025 00:00,"Rampur Municipality Office, Rampur",Not specified,2025-11-18,Bolpatra,"Construction of Addiotional Room, Toilet and compound wall at Materi Urban Health Center Rampur Municipality 4."
